{"cameraMode":{"drawMode":0,"name":"Shaded","section":"Shading Mode"},"sceneLighting":true,"audioPlay":false,"sceneViewState":{"m_AlwaysRefresh":false,"showFog":true,"showSkybox":true,"showFlares":true,"showImageEffects":true,"showParticleSystems":true,"showVisualEffectGraphs":true,"m_FxEnabled":true},"in2DMode":false,"pivot":{"x":18.732759475708009,"y":30.04045867919922,"z":93.45719909667969},"rotation":{"x":-0.17312230169773103,"y":-0.05846833065152168,"z":0.010296137072145939,"w":-0.9831094741821289},"size":126.29434204101563,"orthographic":false}