{"cameraMode":{"drawMode":0,"name":"Shaded","section":"Shading Mode"},"sceneLighting":false,"audioPlay":false,"sceneViewState":{"m_AlwaysRefresh":false,"showFog":true,"showSkybox":false,"showFlares":true,"showImageEffects":true,"showParticleSystems":true,"showVisualEffectGraphs":true,"m_FxEnabled":true},"in2DMode":false,"pivot":{"x":-0.0000019073486328125,"y":9.48523235321045,"z":-0.5269308090209961},"rotation":{"x":-0.2021239995956421,"y":0.45930567383766177,"z":-0.10818051546812058,"w":-0.8581903576850891},"size":18.60839080810547,"orthographic":false}